,ID,Name,Gender,Kor,Eng,Math,Average
0,1,Albert,Male,80,61,80,73.66666666666667
1,2,Betty,Female,90,71,80,80.33333333333333
2,3,Charlie,Male,50,90,100,80.0
3,4,David,Male,60,90,90,80.0
4,5,Elsa,Female,80,81,90,83.66666666666667
